epoch,train_loss,test_loss
1,3.1441569328308105,2.3025996685028076
2,2.434856414794922,2.2548515796661377
3,2.3625648021698,2.253281593322754
4,2.2803807258605957,2.1145131587982178
5,2.2085766792297363,2.1287436485290527
